Día,Frecuencia,Tweet,Tipus tweet,Tipus user
2014-09-11T00:00:00Z,1272.0,"RT @Araeslhora: El 9N votarem, el 9N guanyarem! #CatalansVote9N http://t.co/HUkF7I82p9",campaña,entidades civiles
2014-09-11T00:00:00Z,1174.0,RT @Araeslhora: En només 10 minuts ja som TT mundial! Seguim! Expliquem al món que el 9N votarem i guanyarem! #CatalansVote9N http://t.co/w…,organización,entidades civiles
2014-09-11T00:00:00Z,1113.0,RT @ForcadellCarme: Gràcies a tots els que heu fet possible aquesta gran Diada! Hem enviat un missatge al món: el #9N2014 votarem i guanyar…,campaña,entidades civiles
2014-09-11T00:00:00Z,1091.0,"RT @assemblea: Avui hem fet una cosa brutal, la mobilització més gran d'Europa! El #9N2014 votarem i guanyarem! #CatalansVote9N http://t.co…",campaña,entidades civiles
2014-09-11T00:00:00Z,815.0,RT @Araeslhora: Hem fet història! La V ja és la mobilització més multitudinària de la història d'Europa! El 9N votarem i guanyarem! http://…,campaña,entidades civiles
2014-09-12T00:00:00Z,1143.0,"RT @ManuelLopez535: Porfavor,q circule este intento de manipulación del Diario ABC.No tenéis vergüenza! #CatalansVote9N #Diada2014 #VTV3 ht…",noticias,ciudadana/o
2014-09-12T00:00:00Z,463.0,"RT @Isirpal: Si después de esta demostración del pueblo catalán no les dejan votar, es que estamos en dictadura #CatalansVote9N. http://t.c…",campaña,ciudadana/o
2014-09-12T00:00:00Z,375.0,RT @italianocatalan: #CatalansVote9N @lasexta #Diada2014 Manipulación contra los catalanes! Y el mismo periodista por segunda vez. http://t…,noticias,ciudadana/o
2014-09-12T00:00:00Z,323.0,RT @LaVanguardia: En esta fotogalería tienes las mejores imágenes de la histórica #Diada2014 http://t.co/KgQD2afuEE #CatalansVote9N http://…,noticias,media
2014-09-12T00:00:00Z,316.0,"RT @Messias_83: Porfavor,q circule este intento de manipulación del Diario ABC.No tenéis vergüenza! #CatalansVote9N #Diada2014 #VTV3 http:/…",noticias,avatar
2014-09-13T00:00:00Z,456.0,RT @ferranmartin: Todo un clásico: Oigan. #humor #vinyeta #viñeta #Diada2014 #CatalansVote9N #9N2014 http://t.co/sbamjZxw7p,humor,media
2014-09-13T00:00:00Z,368.0,"RT @ManuelLopez535: Porfavor,q circule este intento de manipulación del Diario ABC.No tenéis vergüenza! #CatalansVote9N #Diada2014 #VTV3 ht…",noticias,ciudadana/o
2014-09-13T00:00:00Z,234.0,RT @ForcadellCarme: Ja esteu recuperats de les emocions de la Diada? Doncs ara a fer-nos voluntaris per posar la V de victòria el #9N2014 J…,organización,entidades civiles
2014-09-13T00:00:00Z,213.0,"RT @Messias_83: Porfavor,q circule este intento de manipulación del Diario ABC.No tenéis vergüenza! #CatalansVote9N #Diada2014 #VTV3 http:/…",noticias,avatar
2014-09-13T00:00:00Z,203.0,RT @CataloniaYes: Good morning Scotland! 5 days to go! Bon dia Catalunya! 57 dies pel 9N!  #VoteYes #SíSí http://t.co/8d1uHJtacP,campaña,entidades civiles
2014-09-14T00:00:00Z,247.0,"RT @Messias_83: Porfavor,q circule este intento de manipulación del Diario ABC.No tenéis vergüenza! #CatalansVote9N #Diada2014 #VTV3 http:/…",noticias,avatar
2014-09-14T00:00:00Z,154.0,"RT @Isirpal: Si después de esta demostración del pueblo catalán no les dejan votar, es que estamos en dictadura #CatalansVote9N. http://t.c…",campaña,ciudadana/o
2014-09-14T00:00:00Z,101.0,"RT @assemblea: Hem convocat el #9N2014, ara l'hem de guanyar! Fes-te voluntari per un país millor! http://t.co/l4vbPfqnH7 http://t.co/6UYzi…",organización,entidades civiles
2014-09-14T00:00:00Z,100.0,RT @Araeslhora: Ara no ens podem fallar. Hem arribat fins aquí per guanyar el 9N. Entra a http://t.co/YCBa6EArjg i fes-te voluntari! http:/…,campaña,entidades civiles
2014-09-14T00:00:00Z,94.0,"RT @Araeslhora: L'#11s2014 des de l'aire. Imatge fantàstica que simbolitza un dia històric per Catalunya. Ara, directes al #9N2014! http://…",campaña,entidades civiles
2014-09-15T00:00:00Z,205.0,RT @Araeslhora: ALERTA: Fem TT el hashtag #SócVoluntari! Perquè només amb la implicació de tots guanyarem el 9N! T'hi sumes? http://t.co/74…,organización,entidades civiles
2014-09-15T00:00:00Z,201.0,RT @assemblea: La campanya @Signaunvot ha recollit més de 750.000 instàncies perquè el #9N2014 es celebri la consulta. Gràcies a tots!! #Ar…,campaña,entidades civiles
2014-09-15T00:00:00Z,141.0,RT @assemblea: Volem que #SócVoluntari arribi a ser Trending Topic perquè tothom conegui que sense ell el #9N2014 no es pot guanyar. Ens hi…,campaña,entidades civiles
2014-09-15T00:00:00Z,114.0,RT @assemblea: L'@assemblea i l'@AMI__cat entreguem al #Parlament els milers d'instàncies del @Signaunvot per apuntalar el #9N2014! http://…,campaña,entidades civiles
2014-09-15T00:00:00Z,94.0,RT @Araeslhora: Ets imprescindible per guanyar el 9N. Suma't a la campanya que ens durà al país nou. Fes-te voluntari! #SócVoluntari http:/…,organización,entidades civiles
2014-09-16T00:00:00Z,380.0,"RT @Vyvyan_Basterd: No sé perquè collons amenacen amb suspendre l'autonomia, si fa temps que han suspès la democràcia. #9N2014",dialéctica,avatar
2014-09-16T00:00:00Z,129.0,"RT @cupnacional: David Fernàndez: ""Si no és ara, quan? Si no som nosaltres, qui?"" http://t.co/fPx4mDrRNc @HiginiaRoig #9N2014 #DPG2014 http…",campaña,politics
2014-09-16T00:00:00Z,121.0,"RT @Araeslhora: Demà a les 12h presentem oficialment la campanya pel SÍ a la independència. Ara és l'hora, units per un país nou! #9N http:…",campaña,entidades civiles
2014-09-16T00:00:00Z,93.0,"RT @CiUParlament: Resolució de @ciu,ERC, ICV i CUP perquè #9N2014 es dugui a terme amb totes les garanties democràtiques possibles http://t…",noticias,politics
2014-09-16T00:00:00Z,92.0,RT @QuimMonzo: #9N En aquest moment ja hi ha 15.132 voluntaris. Aquí podeu afegir-vos-hi: http://t.co/CGuiuepvzW,organización,celebrity
2014-09-17T00:00:00Z,164.0,"RT @parlament_cat: La resolució del 9N s'ha aprovat per 89 vots a favor (CiU ERC ICV-EUiA CUP Elena Geli i Ventura) i 44 contra (PSC, PPC i…",noticias,politics
2014-09-17T00:00:00Z,136.0,RT @afrocatalans: Comencem a Twitter ... Som Afrocatalans / Somos Afrocatalanes / Estimem Àfrica i CAT / Volem votar #9N i votar #SíSí http…,campaña,entidades civiles
2014-09-17T00:00:00Z,134.0,"RT @cupnacional: ""L'autonomia la suspendrem nosaltres, perquè anem cap a la independència"" http://t.co/t4yuX3UL02 @HiginiaRoig #9N2014 http…",campaña,politics
2014-09-17T00:00:00Z,94.0,"RT @Esquerra_ERC: Scotland Votes, Catalunya votarà #indyref #VoteYes #9N #9N2014 #SíSí http://t.co/jjYAOKaZu8",campaña,politics
2014-09-17T00:00:00Z,87.0,"RT @assemblea: .@ForcadellCarme: ""Si el TC suspèn el #9N2014 començarem la campanya aquella mateixa tarda amb concentracions a tot el país.""",campaña,entidades civiles
2014-09-18T00:00:00Z,302.0,RT @assemblea: Demà tothom davant del #Parlament per donar suport a l'aprovació de la Llei de Consultes! El #9N2014 votarem! http://t.co/Ba…,campaña,entidades civiles
2014-09-18T00:00:00Z,198.0,RT @assemblea: Demà a les 16h00 us esperem a tots  davant del #Parlament per donar suport a l'aprovació de la Llei de Consultes! El #9N2014…,campaña,entidades civiles
2014-09-18T00:00:00Z,163.0,RT @Esquerra_ERC: A Escòcia es demostra avui que votar és normal en un país normal #indyref #VoteYes #YesScotland #9N #9N2014 #SíSí http://…,campaña,politics
2014-09-18T00:00:00Z,76.0,"RT @sumate_asoc: ""El terrorífico monstruo escocés"" que tanto asusta a Rajoy #18N2014 #YesScotland #9N2014 #SíSí http://t.co/gR5qtX2lsg",campaña,entidades civiles
2014-09-18T00:00:00Z,75.0,RT @Araeslhora: Abans d'arribar al #9N2014 hem d'haver arribat a tothom. Fes-ho possible! Fes-te voluntari a http://t.co/hwwcPNHiOd! http:/‚Ä¶,campaña,entidades civiles
2014-09-19T00:00:00Z,379.0,RT @Araeslhora: El 9N ja és legal. Tot a punt per votar i guanyar! #CatalansVote9N http://t.co/kjx9QMktlD,campaña,entidades civiles
2014-09-19T00:00:00Z,134.0,RT @Araeslhora: Votar és guanyar. Votar un país nou és guanyar un futur millor. #araéslhora #CatalansVote9N http://t.co/xPLGnPf0qH,campaña,entidades civiles
2014-09-19T00:00:00Z,175.0,RT @assemblea: Molta gent davant del #Parlament per donar suport a l'aprovació de la Llei de Consultes! El #9N2014 votarem! http://t.co/l0n‚Ä¶,campaña,entidades civiles
2014-09-19T00:00:00Z,101.0,RT @assemblea: Votar un país nou és guanyar un futur millor! El #9N2014 votarem i guanyarem! Units per un país nou! #Araéslhora http://t.co‚Ä¶,campaña,entidades civiles
2014-09-19T00:00:00Z,179.0,RT @CataloniaYes: Catalonia will vote and will win this November 9th. Thanks for your support Scotland!  #CatalansVote9N,noticias,entidades civiles
2014-09-20T00:00:00Z,223.0,RT @martarovira: Tothom tranquil!  Desobeirem quan calgui! #votarem #9N,campaña,politics
2014-09-20T00:00:00Z,159.0,"RT @miriamnoguerasM: Els que viviu fora de Catalunya, apunteu-vos al cens per votar el 9N! RT RT RT! http://t.co/b1a3upgcne",organización,politics
2014-09-20T00:00:00Z,139.0,RT @25novembre2012: Aquí teniu la cara dels fills de franquistes que no volen que VOTEM el #9N (16)  @assemblea @Araeslhora @sumate_asoc ht…,campaña,ciudadana/o
2014-09-20T00:00:00Z,132.0,RT @25novembre2012: Aquí teniu la cara dels fills de franquistes que no volen que VOTEM el #9N (15)  @assemblea @Araeslhora @sumate_asoc ht…,campaña,ciudadana/o
2014-09-20T00:00:00Z,118.0,RT @25novembre2012: Aquí teniu la cara dels fills de franquistes que no volen que VOTEM el #9N (9)  @assemblea @Araeslhora @sumate_asoc htt…,campaña,ciudadana/o
2014-09-21T00:00:00Z,444.0,RT @CataloniaYes: RT if you think that the people of Catalonia have the right to decide their future in a referendum on independence.  #9N2…,campaña,entidades civiles
2014-09-21T00:00:00Z,289.0,RT @assemblea: Moltes felicitats @NuriaPicas per la nova victòria i gràcies per tot el que fas! El #9N2014 votarem i guanyarem! http://t.co…,campaña,entidades civiles
2014-09-21T00:00:00Z,212.0,"RT @MainatJM: Funció exponencial. Passeu aquest vídeo a 6 persones i que cadascuna el passi a 6 més. ""El 9N votarem, i guanyarem"" http://t.…",campaña,celebrity
2014-09-21T00:00:00Z,173.0,RT @RealMiracle66: Gallardón fins al coll en el cas Nóos! Amagava fotos com aquestes al jutge Castro! #9N2014  http://t.co/l4y2tp2TCO http:…,noticias,ciudadana/o
2014-09-21T00:00:00Z,148.0,"RT @Laksmiz: España ""debe permitir un referéndum catalán"", según un columnista del @FinancialTimes http://t.co/LvDNEfNoPN #9N2014 http://t.‚Ä¶",noticias,ciudadana/o
2014-09-22T00:00:00Z,202.0,RT @ANC_Economistes: Enquesta #CEO  32% indep. NO 60% indep. SÍ (65% excloent indecisos) 74% volen votar 88% acceptaran resultat #9N2014  O…,noticias,entidades civiles
2014-09-22T00:00:00Z,190.0,RT @CataloniaYes: RT if you think that the people of Catalonia have the right to decide their future in a referendum on independence.  #9N2…,campaña,entidades civiles
2014-09-22T00:00:00Z,153.0,"RT @AsiaticsCat: 1r tuit: som catalans d'origen d #Pakistan, #Índia, #Bangladesh i #Nepal. El #9N volem votar com uns catalans més! http://…",campaña,entidades civiles
2014-09-22T00:00:00Z,140.0,"RT @AlfredBosch: Orgullós de la meva ciutat. Avui Barcelona diu al món, amb el cap ben alt, que el #9N2014 votarem. We will vote #pleBCN",campaña,politics
2014-09-22T00:00:00Z,138.0,"RT @assemblea: El #9N2014 votarem, però hem de guanyar i per fer-ho us necessitem a tots! Fes-te voluntari! http://t.co/D3KuIMKAb2 http://t…",campaña,entidades civiles
2014-09-23T00:00:00Z,228.0,"RT @Araeslhora: Gairebé 700 ajuntaments, el 70% de la població, ja han donat suport a la consulta. El #9N2014 votarem i guanyarem! http://t…",campaña,entidades civiles
2014-09-23T00:00:00Z,194.0,"RT @assemblea: El nombre d'Ajuntaments que es sumen al #9N2014 no para de créixer! Avui ja en són 782, el 80% de la població! El #9N2014 vo…",campaña,entidades civiles
2014-09-23T00:00:00Z,167.0,"RT @Araeslhora: ALERTA: Si vius a l'estranger i vols votar el 9N, registra't aquí: http://t.co/LdBwpAWTRr. Tota la informació: http://t.co/…",organización,entidades civiles
2014-09-23T00:00:00Z,159.0,"RT @Araeslhora: Has arribat fins aquí per no guanyar el 9N? No deixis escapar la història, fes-te voluntari! http://t.co/hwwcPNHiOd http://…",organización,entidades civiles
2014-09-23T00:00:00Z,149.0,RT @saulgordillo: MAPA: 782 ajuntaments donen suport a la consulta #9N2014 i hi prestaran suport logístic http://t.co/DfJfeYbkZx http://t.c…,noticias,media
2014-09-24T00:00:00Z,188.0,"RT @assemblea: Més de 782 municipis, el 80% de la població catalana, han donat suport al #9N2014. Votar és legal, legítim i democràtic! El …",campaña,entidades civiles
2014-09-24T00:00:00Z,123.0,RT @oriol_ges: Hi ha centenars de catalans q ja tenen bitllet d'avió per venir a votar el #9N. Cal #ReferèndumSíoSí i no decebre'ls! http:/…,campaña,politics
2014-09-24T00:00:00Z,103.0,"RT @AMI__cat: 828 municipis, el 87,43% del total han aprovat moció #9N  o tenen data per fer-ho. Dates plens i fotos plens fets a: http://t…",noticias,entidades civiles
2014-09-24T00:00:00Z,103.0,RT @saulgordillo: MAPA: 782 ajuntaments donen suport a la consulta #9N2014 i hi prestaran suport logístic http://t.co/DfJfeYbkZx http://t.c…,noticias,media
2014-09-24T00:00:00Z,86.0,"RT @VilaWeb: La inscripció per a votar al #9N des de l'estranger, a punt de tancar-se > http://t.co/BAtDtdncn7 @assemblea_int http://t.co/y…",organización,media
2014-09-25T00:00:00Z,203.0,RT @Araeslhora: ACTUALITZACIÓ: Ja són 828 els municipis que donen suport a la consulta. Units pel 9N! #CatalansVote9N http://t.co/u43cJBRIvV,campaña,entidades civiles
2014-09-25T00:00:00Z,197.0,RT @JosepGinesta: Que participar al 9N comporti inhabilitació però celebrar el 23F ascensos (fill de Tejero) és una bona forma de començar …,campaña,politics
2014-09-25T00:00:00Z,193.0,RT @Araeslhora: ALERTA: Vius a l'estranger i vols votar el 9N? Dissabte al matí es tanca el registre. Hi ets? http://t.co/LdBwpAWTRr http:/…,organización,entidades civiles
2014-09-25T00:00:00Z,134.0,RT @el_pais: ÚLTIMAHORA Artur Mas firmará el sábado el decreto para convocar la consulta del 9N en Cataluña http://t.co/P7gnN6avC4 http://t…,noticias,media
2014-09-25T00:00:00Z,122.0,"RT @jcanadellb: Recomano d'aqui al #9N no consumiu @LaVanguardia @8aldia @elmonarac1, etc. El pessimisme mai es bo x afrontar un repte difi…",campaña,entidades civiles
2014-09-26T00:00:00Z,282.0,"RT @sumate_asoc: Más de 860 municipios, 91% del total, ya da apoyo al #9N para que los ciudadanos podamos votar. ¿Cómo lo van a parar? http…",noticias,entidades civiles
2014-09-26T00:00:00Z,279.0,"RT @Araeslhora: ALERTA: Un 91% dels municipis catalans (867) ja ha donat suport a la consulta. El 9N votarem, el 9N guanyarem! http://t.co/…",campaña,entidades civiles
2014-09-26T00:00:00Z,204.0,RT @AlbiolAlcalde_: Todos concejales del @PSOE de Badalona (3 a ciudad de Cataluña) celebrando hoy su apoyo al 9N con banderas esteladas. h…,noticias,politics
2014-09-26T00:00:00Z,181.0,RT @assemblea: Demà a les 10h00 us esperem a tots a plaça Sant Jaume per donar suport a la convocatòria del #9N2014. Votarem i guanyarem!,campaña,entidades civiles
2014-09-26T00:00:00Z,117.0,"RT @Araeslhora: A 24h de la convocatòria, estàs preparat per guanyar el 9N? És el moment, fes-te voluntari: http://t.co/hwwcPNHiOd http://t…",organización,entidades civiles
2014-09-27T00:00:00Z,885.0,"RT @assemblea: Ja estem convocats, el #9N2014 votarem! #EstemConvocats9N http://t.co/dc1n26NL1Q",campaña,entidades civiles
2014-09-27T00:00:00Z,789.0,"RT @XSalaimartin: Llevar-se a Nova York, obrir el New York Times i llegir que #EstemConvocats9N. Gràcies President Mas. #AraEslHora. http:/…",campaña,celebrity
2014-09-27T00:00:00Z,455.0,"RT @govern: Fotografia del decret de convocatòria de la consulta #9N2014, signat pel #presidentMas al #Palau de la Generalitat http://t.co/…",noticias,politics
2014-09-27T00:00:00Z,451.0,RT @HiginiaRoig: People have the power. #9N,campaña,politics
2014-09-27T00:00:00Z,387.0,RT @isonapassola: Suport al #9N:  79% del Parlament 91% dels municipis catalans 80% dels ciutadans 88% dels catalans respectarien el resultat,campaña,entidades civiles
2014-09-28T00:00:00Z,621.0,"RT @luisma_lopez: Desde Madrid, enhorabuena a los catalanes. Voten sí o voten no, una urna nunca es ilegal. #EstemConvocats9N",campaña,ciudadana/o
2014-09-28T00:00:00Z,325.0,"RT @ramontremosa: Map: 874 from 940 city councils of Catalonia, including Barcelona, supports Catalan referendum #9N (86% population) http:…",noticias,politics
2014-09-28T00:00:00Z,294.0,"RT @XavierAntich: Romay Beccaria, president del Consejo de Estado que fa dictamen sobre #9N entre Franco i Fraga: franquista pata negra htt‚Ä¶",noticias,media
2014-09-28T00:00:00Z,247.0,"RT @XSalaimartin: Llevar-se a Nova York, obrir el New York Times i llegir que #EstemConvocats9N. Gràcies President Mas. #AraEslHora. http:/‚Ä¶",campaña,celebrity
2014-09-28T00:00:00Z,230.0,RT @Mas_Enfurecido: TROBA LA IL·LEGAL:  - FUNDACIÓìN BLAS PIÑAR - FUNDACIÓN FRANCISCO FRANCO - FALANGE ESPAÑOLA - CONSULTA #9N2014  #MARCAESPAÑA¶,campaña,avatar
2014-09-29T00:00:00Z,897.0,RT @assemblea: ALERTA! Demà a les 19h00 us convoquem a tots davant dels vostres Ajuntaments per començar la campanya per guanyar el #9N2014…,organización,entidades civiles
2014-09-29T00:00:00Z,862.0,RT @jofrellombart: Un regidor del PPC va fer un tuit amenaçant el President. Un altre regidor del PPC es va ABSTENIR sobre el 9N. Han obert…,noticias,media
2014-09-29T00:00:00Z,519.0,RT @mats_jordi: Los TEDAX desactivando un artefacto terrorista en Cataluña. #DesafíoMasARV #EstemConvocats9N  #9N2014 http://t.co/oRuKtbrsYZ,humor,ciudadana/o
2014-09-29T00:00:00Z,490.0,RT @roccasagran: Han prohibit emetre el vídeo per votar el 9N. Fem que tanquin l'internet? Fem-lo córrer? #SíSí https://t.co/mWlszN6i2p,organización,celebrity
2014-09-29T00:00:00Z,480.0,RT @VilaWeb: El VíDEO de la campanya del #9N2014 que queda prohibit per la suspensió Feu-lo còrrer! http://t.co/0IK9KVYVWF #EstemConvocats,noticias,media
2014-09-30T00:00:00Z,811.0,"RT @junqueras: #mutsialagabia no ens hi quedarem. Al segle XXI, a Europa, no podran silenciar la voluntat d'un poble. #9N2014 http://t.co/z…",campaña,politics
2014-09-30T00:00:00Z,585.0,RT @albertmartnez: Fer un tuit amb el vídeo de la consulta del 9N és il·legal en aquests moments. Doncs aquí el teniu https://t.co/ruUzUcES…,campaña,media
2014-09-30T00:00:00Z,560.0,RT @Araeslhora: El carrer Ferran de Barcelona acull tota la gent que no pot accedir a la plaça! Units pel 9N! #araéslhora9N http://t.co/Mh4…,campaña,entidades civiles
2014-09-30T00:00:00Z,384.0,RT @mattiasahlstrom: Incredible images. #Catalonia takes streets of every town defying #Spain's suspension of #indyref. #CatalansVote9N htt…,campaña,ciudadana/o
2014-09-30T00:00:00Z,381.0,RT @jofrellombart: Un regidor del PPC va fer un tuit amenaçant el President. Un altre regidor del PPC es va ABSTENIR sobre el 9N. Han obert…,noticias,media
2014-10-01T00:00:00Z,291.0,RT @quimarrufat: 300 Special Units of Spanish Police & 10 cars of Spanish Guardia Civil were sent today to Catalonia #CatalansVote9N http:/…,noticias,politics
2014-10-01T00:00:00Z,253.0,RT @epaluzie: Sóc funcionaria de l'Estat i estic disposada a col·laborar en la campanya 9N #Funcionarispel9N,organización,celebrity
2014-10-01T00:00:00Z,237.0,RT @mats_jordi: Federalistes marxen cap a Madrid amb l'AVE. #9N2014 #terceravia @La_Retaguardia http://t.co/Lda6LAZZ2K,humor,ciudadana/o
2014-10-01T00:00:00Z,200.0,RT @Mas_Enfurecido: RETIREM LA CAMPANYA DEL #9N PER NO PERJUDICAR ALS TREBALLADORS PÚBLICS. TOT I QUE SEGUIREM RETALLANT-LOS EL SOU I TRAIE…,humor,avatar
2014-10-01T00:00:00Z,192.0,"RT @quimarrufat: URNA, grande y libre!! Molt bo @xaviaranda: A veure si així ho entenen...  #CatalansVote9N #sísí  http://t.co/xDOhr15gQa""",humor,politics
2014-10-02T00:00:00Z,348.0,RT @Esquerra_ERC: Cal reactivar els preparatius de la consulta. Cal que tot estigui a punt per votar el #9N2014 #votarem #SíSí,campaña,politics
2014-10-02T00:00:00Z,298.0,RT @ACM947: Ens ajudeu a fer difusió? Aquest dissabte el municipalisme farà pinya pel dret a decidir! #ajuntamentspel9N #9N http://t.co/v5a…,organización,entidades civiles
2014-10-02T00:00:00Z,252.0,"RT @Esquerra_ERC: Suport a la consulta #9N2014 : 911 ajuntaments. El 96%. Representen 6,6 milions de ciutadans #vullserlliure http://t.co/j…",campaña,politics
2014-10-02T00:00:00Z,208.0,"RT @ang_guillen: Brutal síntesis en ina carta al Director de El País de lo que es ""la consulta"" ilegal del 9N. #9NNoGracias http://t.co/bnO…",noticias,politics
2014-10-02T00:00:00Z,181.0,RT @Araeslhora: El 96% dels municipis ja ha votat a favor del 9N! 911 de 947. Ningú no podrà aturar la força de les urnes! #9N2014 http://t…,campaña,entidades civiles
2014-10-03T00:00:00Z,893.0,RT @HiginiaRoig: No és l'important arribar sol i el primer sinó junts i a temps. #Votarem #9N,campaña,politics
2014-10-03T00:00:00Z,538.0,"RT @ang_guillen: Brutal síntesis en ina carta al Director de El País de lo que es ""la consulta"" ilegal del 9N. #9NNoGracias http://t.co/bnO…",noticias,politics
2014-10-03T00:00:00Z,330.0,RT @ACM947: Ens ajudeu a fer difusió? Aquest dissabte el municipalisme farà pinya pel dret a decidir! #ajuntamentspel9N #9N http://t.co/v5a…,organización,entidades civiles
2014-10-03T00:00:00Z,274.0,RT @SpazianiG: Miles de manifestantes piden votar el 9N: http://t.co/diAiStwtK8 vía @YouTube,noticias,ciudadana/o
2014-10-03T00:00:00Z,230.0,"RT @RaholaOficial: La roda de premsa dels partits del 9N és el síntoma d'un gran moment de la nostra història.Orgull de la unitat,dignitat …",campaña,media
2014-10-04T00:00:00Z,472.0,"RT @junqueras: La força del procés és la gent, i això s'expressa amb el suport de la immensa majoria dels alcaldes del país pel #9N http://…",campaña,politics
2014-10-04T00:00:00Z,434.0,"RT @assemblea: Més de 900 alcaldes són a la Generalitat donant suport a la consulta del #9N2014! Fem un país nou, #Araéslhora! http://t.co/…",campaña,entidades civiles
2014-10-04T00:00:00Z,381.0,RT @HiginiaRoig: No és l'important arribar sol i el primer sinó junts i a temps. #Votarem #9N,campaña,politics
2014-10-04T00:00:00Z,336.0,RT @324cat: Crits d'independència al Palau de la Generalitat http://t.co/ggUnecFuvD? #moció9N http://t.co/gWPecVGuyx,noticias,media
2014-10-04T00:00:00Z,312.0,RT @ForcadellCarme: 920 municipis de Catalunya donen suport al #9N2014 una lliço de democràcia i unitat gràcies alcades regidors x fer-ho p…,campaña,entidades civiles
2014-10-05T00:00:00Z,361.0,RT @jofrellombart: Un regidor del PPC va fer un tuit amenaçant el President. Un altre regidor del PPC es va ABSTENIR sobre el 9N. Han obert…,noticias,media
2014-10-05T00:00:00Z,248.0,RT @alexdesuria: Un regidor del PPC va fer un tuit amenaçant el President. Un altre regidor del PPC es va ABSTENIR sobre el 9N. Han obert e…,noticias,ciudadana/o
2014-10-05T00:00:00Z,190.0,RT @Candeliano: Eran tantos los alcaldes catalanes apoyando la consulta del #9N que la foto no cabía en la portada de @elpais_espana http:/…,humor,ciudadana/o
2014-10-05T00:00:00Z,184.0,"RT @Araeslhora: El món casteller també fa pinya per la consulta! Gran ambient al @concurscastells. El 9N votarem, el 9N guanyarem! http://t…",campaña,entidades civiles
2014-10-05T00:00:00Z,148.0,RT @MarcSerra21: Fes RT si tu també creus q la unitat és benvinguda si serveix per fer irrenunciable i innegociable el #9N ! #cimera9N http…,campaña,politics
2014-10-06T00:00:00Z,628.0,"RT @lacompetencia: Campanya camuflada pel 9N d'en Mohamed Jordi.  Consell: NO llegir línia a línia de baix a dalt, sisplau. http://t.co/D2Z…",humor,media
2014-10-06T00:00:00Z,214.0,"RT @lacompetencia: Aquí teniu la campanya camuflada pel 9N, del Mohamed Jordi https://t.co/fuG9qny1RP",humor,media
2014-10-06T00:00:00Z,133.0,RT @assemblea: ALERTA! Últims dies pel registre d'estrangers residents a Catalunya perquè el #9N2014 puguin votar! Feu-ho córrer! http://t.…,organización,entidades civiles
2014-10-06T00:00:00Z,124.0,"RT @Araeslhora: Els monjos de Montserrat, per la consulta. La societat, des de tots els àmbits, es mou pel 9N! http://t.co/iiGGZB15i8 http:…",campaña,entidades civiles
2014-10-06T00:00:00Z,122.0,"RT @CiudadanosCs: .@Albert_Rivera: ""Instamos al gobierno de ESP a hacer cumplir la ley, la resolución del TC y suspender la campaña 9N"" htt…",campaña,politics
2014-10-07T00:00:00Z,200.0,RT @assemblea: ATENCIÓ! Avui és l'últim dia perquè els estrangers residents a Catalunya es puguin inscriure per votar el #9N2014. RT http:/…,organización,entidades civiles
2014-10-07T00:00:00Z,177.0,RT @Araeslhora: El #BusGroc és a punt de sortir per arribar a tot arreu amb un missatge clar: fem un país nou! Ara és l'hora! #9N2014 http:…,campaña,entidades civiles
2014-10-07T00:00:00Z,160.0,"RT @JORDINADOR: Visca els @NousCatalans! ""Cues d'estrangers per incriure's per votar el #9N2014"" http://t.co/xfvT7sGZSn @elsingular http://…",campaña,ciudadana/o
2014-10-07T00:00:00Z,157.0,RT @voluntaris9N: IMPORTANT DIFUSIÓ: punts d'inscripció al registre pel #9N2014 per estrangers i vot anticipat fins avui 19h. RT! http://t.…,organización,entidades civiles
2014-10-07T00:00:00Z,109.0,"RT @Araeslhora: 920 municipis, 37 consells comarcals i un clam social i parlamentari pel 9N. Ni un pas enrere! http://t.co/oKYp7ZQ2SV http:…",campaña,entidades civiles
2014-10-08T00:00:00Z,169.0,RT @salvadorcardus: Estic fins al capdamunt de les especulacions sobre el 9N i de les suposicions sobre allò que ningú no sap. Si no sabem …,dialéctica,entidades civiles
2014-10-08T00:00:00Z,159.0,RT @cupnacional: Última hora | Ocupada la subdelegació del govern espanyol a Girona en defensa de la consulta del #9N2014 http://t.co/RO8Mq…,noticias,politics
2014-10-08T00:00:00Z,138.0,RT @roquini: Els @estudiants9N empenyen pel procès!! Molt grans!! #SíSí http://t.co/eY05MEESoW,campaña,ciudadana/o
2014-10-08T00:00:00Z,119.0,RT @RaholaOficial: UPyD escriu als 751 eurodiputats comparant el 9N amb l’ascens del feixisme a Itàlia i Alemanya  http://t.co/zFXNUJd0xK,noticias,media
2014-10-08T00:00:00Z,100.0,RT @Araeslhora: Més mitjans internacionals se sumen a la consulta. Volem votar i votarem! Ara és l'hora! #9N https://t.co/H6pDn0eB7n http:/…,campaña,entidades civiles
2014-10-09T00:00:00Z,192.0,RT @miquelcalcada: El procés és com la Matagalls: no es tracta d'arribar tan lluny com es pugui sinó arribar fins al final. #9N2014 http://…,campaña,media
2014-10-09T00:00:00Z,181.0,"RT @sumate_asoc: Para los ""intelectuales de izquierdas"" que publican manifiestos en @elperiodico: si votas NO seguirá todo IGUAL #9N http:/…",campaña,entidades civiles
2014-10-09T00:00:00Z,134.0,RT @MarcSerra21: Fes RT si tu també vols que CiU i ERC facin la #ConsultaSíoSí i puguem veure aquestes cares el #9N2014! #9Ndesobeïm http:/…,campaña,politics
2014-10-09T00:00:00Z,118.0,"RT @denterd: ➜ Pérez de los Cobos: Ex-PP, insulta CAT = President TC IMPARCIAL ➜ S.Vidal: Defensa vot democràtic #9N = EXPEDIENTAT http://t…",campaña,entidades civiles
2014-10-09T00:00:00Z,110.0,"RT @assemblea: El camí va arribant al final, només falta l'última empenta. Ara no podem afluixar! El #9N2014 votarem i guanyarem! http://t.…",campaña,entidades civiles
2014-10-10T00:00:00Z,394.0,RT @CataloniaYes: Should Catalonia be an independent country?  · RT - Yes · FAV - No  #9N2014 http://t.co/g6yZqz81K0,campaña,entidades civiles
2014-10-10T00:00:00Z,209.0,RT @Araeslhora: .@ForcadellCarme: Us esperem a tots el 19 d'octubre a Barcelona. Omplim Barcelona per guanyar el 9N #SíoSí! http://t.co/ZzO…,campaña,entidades civiles
2014-10-10T00:00:00Z,165.0,RT @assemblea: Hem arribat fins aquí a base de molt esforç i ara no podem fallar! El #9N2014 votarem i guanyarem! #Araéslhora! http://t.co/…,campaña,entidades civiles
2014-10-10T00:00:00Z,151.0,RT @Mas_Enfurecido: HOY HAGO LA PIOLADA EN CASTELLANO MALGRADO ESTOY FUERZA CABEZACOTO PORQUÉ SE ACOSTA EL #9N Y TRONTOLLA LA UNIDAD. A VER…,humor,avatar
2014-10-10T00:00:00Z,118.0,"RT @Araeslhora: Diumenge 19 d'octubre. 12h. Acte central a Barcelona. Guanyem el 9N, fem un país nou! #araéslhora9N Compartim-ho! http://t.…",campaña,entidades civiles
2014-10-11T00:00:00Z,244.0,RT @CataloniaYes: Should Catalonia be an independent country?  · RT - Yes · FAV - No  #9N2014 http://t.co/g6yZqz81K0,campaña,entidades civiles
2014-10-11T00:00:00Z,207.0,"RT @assemblea: Avui fa un 1 mes de l'#11s2014! Arribar fins aquí no ha estat fàcil, ara no ens podem fer enrere. El #9N2014 votarem! http:/…",campaña,entidades civiles
2014-10-11T00:00:00Z,116.0,RT @MarcSerra21: Fes RT si tu també vols q CiU i ERC compleixin fent la #ConsultaSíoSí i no perdin una altra ocasió històrica! #9N2014 http…,campaña,politics
2014-10-11T00:00:00Z,112.0,RT @AlfredBosch: Les garanties democràtiques passen per fer la consulta el 9N. Plegar-se al boicot del PP dóna zero garanties democràtiques.,campaña,politics
2014-10-11T00:00:00Z,111.0,RT @Araeslhora: ALERTA: El @sitgesfestival també tenyeix la catifa vermella de groc per donar suport al 9N! http://t.co/h3GSZMWEPB http://t…,campaña,entidades civiles
2014-10-12T00:00:00Z,307.0,RT @CataloniaYes: Should Catalonia be an independent country?  · RT - Yes · FAV - No  #9N2014 http://t.co/g6yZqz81K0,organización,entidades civiles
2014-10-12T00:00:00Z,223.0,RT @assemblea: El 19 d'octubre omplirem Pl. Catalunya per dir-ho ben clar: el #9N2014 votarem perquè és legalm democràtic i legítim! http:/…,campaña,entidades civiles
2014-10-12T00:00:00Z,171.0,"RT @assemblea: Junts hem fet coses inimaginables. Davant tenim un repte molt gran: guanyar el #9N2014, no podem fallar #Araéslhora! http://…",campaña,entidades civiles
2014-10-12T00:00:00Z,169.0,RT @JFalange: Decir a los separatistas que hemos vuelto a pasar y que el 9N volveremos a pasar. Haya las consecuencias que haya http://t.co…,campaña,politics
2014-10-12T00:00:00Z,165.0,"RT @salvadorcardus: Començo a tenir més ganes de votar el 9N per desmentir tots els que ""sabien"" que no votaríem, que per desafiar l'Estat.…",campaña,entidades civiles
2014-10-13T00:00:00Z,2998.0,"RT @el_pais: ÚLTIMA HORA: Artur Mas descarta la consulta del #9N y plantea un ""proceso participativo"" http://t.co/M8sGsUr4hO http://t.co/G4…",noticias,media
2014-10-13T00:00:00Z,561.0,"RT @miquelcalcada: Volant cap a Cat. m'assebento q no hi ha 9N. Nova pantalla, ara toca calma, unitat i generositat. Noves eleccions i, seg…",campaña,media
2014-10-13T00:00:00Z,525.0,RT @cupnacional: El Consell Polític de la CUP convoca una assemblea oberta informativa ara les 23:30h a plaça Sant Jaume de Barcelona #9N20…,noticias,politics
2014-10-13T00:00:00Z,409.0,RT @joseprull: Ara ens cal més calma que càlculs partidistes. Demà el President explicarà com es vota el #9N i com superem l'agressió de l'…,campaña,politics
2014-10-13T00:00:00Z,296.0,"RT @Jordi_Pons: Important llegir bé la literalitat del comunicat d'ERC, que alguns titulars esbiaixen força. Via @VilaWeb #9N2014 http://t.…",noticias,media
2014-10-14T00:00:00Z,827.0,"RT @RaholaOficial: Ara votar el #9N2014 Després plebiscitàries a principis del 2015. Si ho fem i guanyem, haurem guanyat la legalitat inter…",campaña,media
2014-10-14T00:00:00Z,654.0,"RT @rincewindcat: Per què votar el 9N? Perquè Rivera, Díez, Díaz, Rajoy, Sánchez, Camacho, Iceta, Marhuenda, El País us diuen que no ho feu.",campaña,ciudadana/o
2014-10-14T00:00:00Z,497.0,"RT @RaholaOficial: El nou #9N2014 és una jugada mestra q deixa descol·locat a l´estat. Participació,mobilització  i compromís.L´@assemblea …",campaña,media
2014-10-14T00:00:00Z,453.0,RT @Mas_Enfurecido: ÉS QUE EN TOMÀS MOLINA M'HA DIT QUE EL #9N HA DE PLOURE.,humor,avatar
2014-10-14T00:00:00Z,324.0,"RT @RaholaOficial: El #9N2014 'hi haurà locals, urnes i paperetes', i després plebiscitàries. Si ho fem bé, no ens aturaran. La validesa de…",campaña,media
2014-10-15T00:00:00Z,592.0,RT @mkserra: Es pot votar... -El 9N? SI -En urna? SI -Mateixa pregunta? SI -Tots els catalans? SI -Li fot a Madrid? SI -Ens dóna força per …,campaña,ciudadana/o
2014-10-15T00:00:00Z,413.0,"RT @JaumeBarbera: Oi que hem sortit un milió cada 11S durant 3 anys? Doncs, intentem ser-ne més el 9N. Aquest serà l'únic resultat vàlid: l…",campaña,media
2014-10-15T00:00:00Z,225.0,RT @martarovira: (1/3) el proper #9N aniré a votar #SíSí perquè hem de demostrar la majoria social i contundent a favor de la #independènci…,campaña,politics
2014-10-15T00:00:00Z,214.0,"RT @cupnacional: ""Tornarem a sofrir, tornarem a lluitar, tornarem a vèncer!"" Lluís Companys i Jover #9N2014 http://t.co/qiyKvMXObM",campaña,politics
2014-10-15T00:00:00Z,196.0,"RT @rincewindcat: Per què votar el 9N? Perquè Rivera, Díez, Díaz, Rajoy, Sánchez, Camacho, Iceta, Marhuenda, El País us diuen que no ho feu.",campaña,ciudadana/o
2014-10-16T00:00:00Z,266.0,"RT @BloombergNews: Catalonia's bid for independence explained, quickly: http://t.co/2DnZX559Ny http://t.co/Fng3c5kVjT",noticias,media
2014-10-16T00:00:00Z,182.0,RT @martarovira: (1/3) el proper #9N aniré a votar #SíSí perquè hem de demostrar la majoria social i contundent a favor de la #independènci…,campaña,politics
2014-10-16T00:00:00Z,165.0,"RT @Mas_Enfurecido: - BON DIA PRESIDENT. UN CAFÈ? - SÍ, GRÀCIES QUICO. - EL VOL 9N? - QUÈ VOLS DIR 9N? - DESCAFEÏNAT! HAHAHA!",humor,avatar
2014-10-16T00:00:00Z,135.0,RT @martarovira: (2/3) ajudaré amb totes les meves forces al govern pq el #9N sigui un èxit malgrat haver optat per un procés participatiu.,campaña,politics
2014-10-16T00:00:00Z,120.0,"RT @xavialtadill: ""La consulta alternativa del #9N2014 té els mateixos efectes polítics i ètics que l'anterior."" (Santiago Vidal)",campaña,celebrity
2014-10-17T00:00:00Z,445.0,RT @viviremosmejor: Nunca una fotografía había resumido tan bien lo que significa que el “No” gane la consulta del #9N: http://t.co/u7W0O5U…,campaña,entidades civiles
2014-10-17T00:00:00Z,413.0,"RT @lluis_llach: Si pogués triar:fer del 9N un èxit espaterrant,convocar eleccions de seguit i en cas de majoria fer una DUI immediata.Però…",campaña,celebrity
2014-10-17T00:00:00Z,150.0,RT @mkserra: Es pot votar... -El 9N? SI -En urna? SI -Mateixa pregunta? SI -Tots els catalans? SI -Li fot a Madrid? SI -Ens dóna força per …,campaña,ciudadana/o
2014-10-17T00:00:00Z,148.0,RT @324cat: Pep Guardiola anirà a votar a la consulta del #9N2014 http://t.co/93LrLUwlsE http://t.co/JXsOSXNMNE,noticias,media
2014-10-17T00:00:00Z,143.0,"RT @rincewindcat: Per què votar el 9N? Perquè Rivera, Díez, Díaz, Rajoy, Sánchez, Camacho, Iceta, Marhuenda, El País us diuen que no ho feu.",campaña,ciudadana/o
2014-10-18T00:00:00Z,629.0,RT @jordiborras: ☑ Colar una pregunta arbre   ☑ No posicionar-se amb la pregunta  ☑ Finalment dir que no votaràs el 9N  Felicitats @icveuia…,dialéctica,media
2014-10-18T00:00:00Z,314.0,RT @cupnacional: Vol que Catalunya esdevingui un estat?   ☑ Sí ☐ NO  Vol que aquest estat sigui independent?  ☑ Sí ☐ NO  #9N2014,campaña,politics
2014-10-18T00:00:00Z,176.0,"RT @RogerVinton: Però tan difícil és de veure que si el 9N no ens mobilitzem,és la gran excusa per dir que el tema no és madur i que no cal…",campaña,avatar
2014-10-18T00:00:00Z,147.0,"RT @lluis_llach: Si pogués triar:fer del 9n un èxit espaterrant,convocar eleccions de seguit i en cas de majoria fer una DUI immediata.Però…",campaña,celebrity
2014-10-18T00:00:00Z,143.0,"RT @rincewindcat: Per què votar el 9N? Perquè Rivera, Díez, Díaz, Rajoy, Sánchez, Camacho, Iceta, Marhuenda, El País us diuen que no ho feu.",campaña,ciudadana/o
2014-10-19T00:00:00Z,752.0,RT @assemblea: Tres punts: 1. Votar el 9N. 2. Eleccions en menys de 3 mesos. 3. Unitat. #FemUnPasEndavant #RevolucióDelSomriure http://t.co…,campaña,entidades civiles
2014-10-19T00:00:00Z,708.0,"RT @raulromeva: Malauradament no podré ser avui a pça Cat. Sóc camí d'Islàndia (amb @Diplocat_inst ). El 9N votaré, i ho faré xl Sí/Sí, esc…",campaña,politics
2014-10-19T00:00:00Z,570.0,"RT @sumate_asoc: Esta es #LaCataluñaReal. Esta es #LaCataluñaSilenciada, a la que impiden expresarse en las urnas. El #9N votaremos! http:/…",campaña,entidades civiles
2014-10-19T00:00:00Z,293.0,RT @jordiborras: ☑ Colar una pregunta arbre   ☑ No posicionar-se amb la pregunta  ☑ Finalment dir que no votaràs el 9N  Felicitats @icveuia…,humor,media
2014-10-19T00:00:00Z,288.0,RT @Esquerra_ERC: Cap més dilació ni ajornament. Ara el #9N i immediatament eleccions al Parlament per proclamar la independència http://t.…,campaña,politics
2014-10-20T00:00:00Z,422.0,"RT @lluis_llach: Dons ja tenim feina.Salvar i potenciar el""nou"" 9N convertint-lo en una festa de la nostra voluntat i també en una denúncia…",campaña,celebrity
2014-10-20T00:00:00Z,269.0,RT @FerranWieAdria: Perquè és important votar el #9N? perquè avui TAMBÉ hem sortit a la pública alemanya (min. 8) http://t.co/lZtPM7zGav ht…,campaña,media
2014-10-20T00:00:00Z,201.0,"RT @ForcadellCarme: Votarem el 9N, però cal q tots els ciutadans decideixin al + aviat possible si Catalunya ha de ser o no independent per…",campaña,entidades civiles
2014-10-20T00:00:00Z,136.0,"RT @maticatradio: #JunquerasEnSevilla Eugenia Parejo: ""Aquí no se entera ni Cristo de lo que quieren los catalanes.""  @junqueras #9N http:/…",noticias,media
2014-10-20T00:00:00Z,113.0,"RT @maticatradio: L'objectiu per al nou #9N. La mobilització de la gent. David Fernàndez, @HiginiaRoig, de la @cupnacional #9N2014 http://t…",noticias,media
2014-10-21T00:00:00Z,379.0,"RT @HiginiaRoig: Rumb 9N. A demostrar de nou el que som capaços de fer com a país i com a poble. Rumb llibertat. A per totes. I entre tots,…",campaña,politics
2014-10-21T00:00:00Z,284.0,RT @viviremosmejor: Varios economistas de prestigio internacional avalan la viabilidad de una Cataluña independiente #9N2014 http://t.co/Q9…,campaña,entidades civiles
2014-10-21T00:00:00Z,240.0,"RT @lluis_llach: Dons ja tenim feina.Salvar i potenciar el""nou"" 9N convertint-lo en una festa de la nostra voluntat i també en una denúncia…",campaña,celebrity
2014-10-21T00:00:00Z,202.0,RT @cupnacional: És l'hora del poble! Desbordem les urnes i anem més enllà! http://t.co/yhXsb5BNXF #9N2014 #SíSí http://t.co/UbtBaxm6el,campaña,politics
2014-10-21T00:00:00Z,195.0,"RT @assemblea: El 9N anirem a votar massivament i tornarem a demostrar la nostra voluntat! #Araéslhora, només depèn de nosaltres! http://t.…",campaña,entidades civiles
2014-10-22T00:00:00Z,462.0,"RT @junqueras: Ara toca 9N. Queden poc més de dues setmanes. Som-hi! I després, obtinguem el mandat democràtic amb unes eleccions per fer l…",campaña,politics
2014-10-22T00:00:00Z,258.0,"RT @ForcadellCarme: L'èxit del 9N és un pas important cap a la independència, demostrem altre cop que som molts i que res ni ningú no ens a…",campaña,entidades civiles
2014-10-22T00:00:00Z,186.0,RT @assemblea: El 9N votarem i després ho consolidarem amb unes eleccions referendàries. La revolució dels somriures és imparable! http://t…,campaña,entidades civiles
2014-10-22T00:00:00Z,133.0,RT @viviremosmejor: Más economistas de prestigio internacional avalan la viabilidad económica de un Cataluña independiente. #9N2014 http://…,campaña,entidades civiles
2014-10-22T00:00:00Z,123.0,"RT @Araeslhora: El 9N hem d'omplir les urnes per construir un país nou. Ara és l'hora de votar, ara és l'hora de guanyar! #guanyarem http:/…",campaña,entidades civiles
2014-10-23T00:00:00Z,277.0,RT @HiginiaRoig: Falls Road. Belfast. International Wall. #9N http://t.co/OAKHtacYyQ,campaña,politics
2014-10-23T00:00:00Z,248.0,RT @maihaviaditque: Panellets del 9N http://t.co/kor8SMUR7P,campaña,ciudadana/o
2014-10-23T00:00:00Z,222.0,RT @viviremosmejor: Varios economistas de prestigio internacional avalan la viabilidad de una Cataluña independiente #9N2014 http://t.co/Q9…,campaña,entidades civiles
2014-10-23T00:00:00Z,184.0,RT @Araeslhora: Sense tu no haguéssim donat un missatge al món. Sense el teu vot el 9N no farem el pas decisiu per guanyar. #votem9N http:/…,campaña,entidades civiles
2014-10-23T00:00:00Z,151.0,"RT @assemblea: Fem una crida perquè el #9N2014 tothom vagi a votar! Unitat, urnes i independència! #Araéslhora, fem un país nou! http://t.c…",campaña,entidades civiles
2014-10-24T00:00:00Z,271.0,RT @Mas_Enfurecido: 2012: BCN NO S'OMPLIRÀ. 2013: LA VIA CATALANA NO SORTIRÀ BÉ. 2014: MOSAIC EN FORMA DE 'V'? MASSA COMPLICAT. 9N: LA GENT…,campaña,avatar
2014-10-24T00:00:00Z,217.0,RT @el_pais: ÚLTIMA HORA: El Gobierno anuncia que ya prepara un recurso para el sucedáneo del 9N http://t.co/Bbj2YsvCdY http://t.co/QSEUtRJ…,noticias,media
2014-10-24T00:00:00Z,212.0,"RT @jaumeclotet: Calen més voluntaris per al #9N2014 als dos Pallars, Solsonès, Alta Ribargorça, Terra Alta i Val d'Aran. Passa-ho!",organización,media
2014-10-24T00:00:00Z,209.0,RT @ForcadellCarme: Farem que el 9N sigui una altra jornada exemplar res ni ningú no aturarà la voluntat de la majoria expressada democràti…,campaña,entidades civiles
2014-10-24T00:00:00Z,207.0,"RT @RaholaOficial: Rajoy dice que intentarà parar el nuevo #9N2014 Qué ha ocurrido? Ya no es una costellada, un chichinabo, un ridículo? Ya…",campaña,media
2014-10-25T00:00:00Z,150.0,RT @lluis_llach: ..i salvar els indecents beneficis dels oligopolis elèctrics q ens escanyen obsessivament. Fer net i desobeir. Dia 9N prop…,campaña,celebrity
2014-10-25T00:00:00Z,138.0,RT @Araeslhora: Lleida s'ha llevat recordant el nostre missatge al món. Els catalans votarem el 9N! Ara és l'hora! #CatalansVote9N http://t…,campaña,entidades civiles
2014-10-25T00:00:00Z,131.0,RT @ForcadellCarme: Farem que el 9N sigui una altra jornada exemplar res ni ningú no aturarà la voluntat de la majoria expressada democràti…,campaña,entidades civiles
2014-10-25T00:00:00Z,120.0,RT @viviremosmejor: Más economistas de prestigio internacional avalan la viabilidad económica de un Cataluña independiente. #9N2014 http://…,campaña,entidades civiles
2014-10-25T00:00:00Z,105.0,RT @assemblea: Qui pot votar el #9N2014? Nou vídeo institucional sobre la votació del 9 de novembre. Feu-ho córrer! http://t.co/XyvWNavseI,organización,entidades civiles
2014-10-26T00:00:00Z,227.0,"RT @peremarticolom: La consulta del #9N2014 ja té 37.312 voluntaris, més que els Jocs Olímpics de 1992 #N9N",noticias,media
2014-10-26T00:00:00Z,197.0,RT @BUBBLETEAHOLIC: [HQ] 141018 #SEHUN @ SMT IN Shanghai Cr:hunhome #2 http://t.co/f0c09R11Vx http://t.co/YX1EWT3RjB http://t.co/9N60o3jXK7,campaña,entidades civiles
2014-10-26T00:00:00Z,183.0,RT @assemblea: El 9N hem d'anar a votar massivament de forma pacífica i democràtica per enviar un missatge molt clar al món! http://t.co/yW…,campaña,entidades civiles
2014-10-26T00:00:00Z,143.0,RT @assemblea: El 9N anirem a votar per dir Sí a la independència! Sí a un país nou! Sí a un futur millor! #Araéslhora http://t.co/PaYN4Jat…,humor,avatar
2014-10-26T00:00:00Z,130.0,RT @Mas_Enfurecido: 2012: BCN NO S'OMPLIRÀ. 2013: LA VIA CATALANA NO SORTIRÀ BÉ. 2014: MOSAIC EN FORMA DE 'V'? MASSA COMPLICAT. 9N: LA GENT…,noticias,entidades civiles
2014-10-27T00:00:00Z,483.0,RT @gerardotc: Este olor a corrupción sólo se va agitando banderitas: Última Hora. Rajoy recurrirá ante el Constitucional el 9N,humor,avatar
2014-10-27T00:00:00Z,275.0,"RT @Marta_catalonia: Manda huevos que el Gobierno prohiba el 9N ""light"" por tener pocas garantías democráticas, cuando prohibieron el prime…",campaña,ciudadana/o
2014-10-27T00:00:00Z,266.0,"RT @Araeslhora: El 9N votarem pensant en moltes persones. I tu, per qui votaràs? Omplim de raons el hashtag #VotaréPerTu! Som-hi! RT http:/…",campaña,entidades civiles
2014-10-27T00:00:00Z,241.0,RT @vedellconsagrat: com més s'acosta el 9N més ganes tinc de votar. és que acabaré votant encara que sigui a una puta bústia.,campaña,celebrity
2014-10-27T00:00:00Z,233.0,"RT @RaholaOficial: El #9N votaré per tots els catalans q han resistit, han lluitat i han caigut en defensa de la nostra terra.  #VotaréPerT…",campaña,media
2014-10-28T00:00:00Z,229.0,RT @joanaortega: Revisades inscripcions i afegits voluntaris equipaments docents el #9N comptarà amb 40.930 voluntaris. Impressionant! Molt…,organización,politics
2014-10-28T00:00:00Z,167.0,RT @HelenASnt: #Vullsaber quina utilitat té el #9N? Perque em temo que jo continuaré sense feina i s'hauràn gastat diners en una cosa inúti…,dialéctica,ciudadana/o
2014-10-28T00:00:00Z,153.0,RT @assemblea: Impressionant mural a Belfast en solidaritat amb Catalunya i a favor del 9N! #Araéslhora #VotaréPerTu http://t.co/lyq7G8xYK1,campaña,entidades civiles
2014-10-28T00:00:00Z,148.0,RT @bernatff: Arriben els panellets impugnables http://t.co/M38ozsFSDc #9N @maihaviaditque @QuimMonzo http://t.co/VDUh5jV4Wv,humor,media
2014-10-28T00:00:00Z,147.0,"RT @clarajordanvila: Rajoy: ""No tinc res a oferir als partidaris del #9N2014"". Com a tàctica per a fer-nos canviar d'opinió em sembla insup…",noticias,media
2014-10-29T00:00:00Z,416.0,RT @junqueras: Ja tinc la papereta a punt. I tu? #SíSívullserlliure #9N2014 http://t.co/Rwsm2UnPbe,campaña,politics
2014-10-29T00:00:00Z,210.0,RT @Araeslhora: ALERTA: Aquesta tarda ja podràs consultar on votaràs el 9N a http://t.co/VoVP7yjoAJ (segons adreça DNI). Atents! http://t.c…,organización,entidades civiles
2014-10-29T00:00:00Z,207.0,"RT @ForcadellCarme: L'Estat espanyol, com sempre, no ens fallarà i ens ajudarà a aconseguir la independència impugnant el nou 9N. Nosaltres…",campaña,entidades civiles
2014-10-29T00:00:00Z,195.0,RT @assemblea: Quin és el teu lloc de votació pel proper 9N? Entra a  http://t.co/4vniu9Ql7N i comparteix-ho amb #lamevaurna! http://t.co/V…,organización,entidades civiles
2014-10-29T00:00:00Z,175.0,RT @assemblea: Bon dia! Avui sortirà publicat el llistat de locals per anar a votar el #9N2014! Estigueu atents a http://t.co/KkbHAbY2bn! #…,organización,entidades civiles
2014-10-30T00:00:00Z,445.0,"RT @jordiborras: Marc Bartumeu, portaveu Podem BCN al @maticatradio : ni DUI ni 9N, apostem per modificar la constitució. NO HAY MÁS PREGUN…",noticias,media
2014-10-30T00:00:00Z,363.0,RT @ForcadellCarme: Gràcies Joan Herrera per dir que el 9N votaràs.La millor denúncia contra l'Estat espanyol és fer allò que ens prohibeix…,campaña,entidades civiles
2014-10-30T00:00:00Z,277.0,RT @324cat: Crida de l'@assemblea a anar als punts de votació el #9N passi el que passi #9N2014 http://t.co/orGZgR4BqI http://t.co/MxMBiNUs…,noticias,media
2014-10-30T00:00:00Z,254.0,"RT @ModernetdeMerda: -Hola, soy Podemos. Ni 9N ni DUI, pero tú vótame y revoluciono otras cosas. Venga, revolución. ¡Claro que podemos! -Pe…",humor,avatar
2014-10-30T00:00:00Z,239.0,"RT @sumate_asoc: Podemos dice que no podemos: el #9N es un engaño, ya si eso cuando gobiernen ellos y tal, que reformarán la Constitución..…",campaña,entidades civiles
2014-10-31T00:00:00Z,347.0,RT @LosadaPescador: Vivo en Madrid pero me acabo de inscribir en el censo del #9N. Sin controles ni garantías n nada. Menudo cachondeo. htt…,campaña,media
2014-10-31T00:00:00Z,324.0,RT @ForcadellCarme: Passi el que passi el 9N a les 9 del matí farem cua amb la papereta a la mà per votar. No ens faran callar ni decidiran…,campaña,entidades civiles
2014-10-31T00:00:00Z,300.0,"RT @sumate_asoc: Dice @Sorayapp q PROHIBEN el #9N para ""preservar los derechos de los catalanes"". Quieren protegernos de la democracia http…",campaña,entidades civiles
2014-10-31T00:00:00Z,298.0,RT @ForcadellCarme: Demà al Camp nou tots amb samarretes grogues per defensar la democràcia i la llibertat d'expressió. El 9N votarem per d…,campaña,entidades civiles
2014-10-31T00:00:00Z,248.0,"RT @eduardvoltas: Instruccions oficials als voluntaris del 9N, en video. Passeu-lo. https://t.co/FdA3iQKHit",organización,media
2014-11-01T00:00:00Z,535.0,RT @sumate_asoc: Hola @abc_es. Elvis y Bob Esponja pueden consultar dnd les toca votar pero para poder votar el #9N necesitarán su DNI http…,dialéctica,entidades civiles
2014-11-01T00:00:00Z,466.0,"RT @sumate_asoc: Si eres Bob Esponja, el #9N no te olvides tu DNI. Entra en http://t.co/ucAuBOr0Sj para consultar dónde te toca votar http:…",campaña,entidades civiles
2014-11-01T00:00:00Z,354.0,"RT @ForcadellCarme: El 9N anirem a votar x dignitat i x defensar els nostres drets i llibertats democràtiques.Som ciutadans no súbdits, no …",campaña,entidades civiles
2014-11-01T00:00:00Z,340.0,"RT @ArguellesLlanos: ¿Que no quieren que votemos el 9N? Pues yo voto y además seré presidente de mesa Un asturiano, para que se jodan más.",campaña,ciudadana/o
2014-11-01T00:00:00Z,335.0,RT @sumate_asoc: Personalidades internacionales — dos Nobel de la Paz— a favor de que dejen votar a los catalanes #9N #letcatalansvote http…,campaña,entidades civiles
2014-11-02T00:00:00Z,244.0,"RT @assemblea: Prepara la teva papereta del 9N, demà la mostrarem al món! Fes-ho córrer! RT! #Araéslhora http://t.co/nfdiVIxrVx",campaña,entidades civiles
2014-11-02T00:00:00Z,191.0,"RT @RaholaOficial: Rajoy, el #9N2014 ... http://t.co/jY4D5yCQP0",campaña,media
2014-11-02T00:00:00Z,187.0,"RT @elpidiojsilva: España está en manos de mafias y ajustes de cuentas entre PP y PSOE. Es insoportable, nos ha llevado a la consulta #9N, …",campaña,celebrity
2014-11-02T00:00:00Z,186.0,"RT @DaniPintoB: Elvis, Colón, El Cid o Bob Esponja ya están inscritos para la votación del #9N http://t.co/NBsI3nKsHs #Butifarrendum http:/…",campaña,entidades civiles
2014-11-02T00:00:00Z,184.0,RT @gcapdevila: Brutal. Aquesta foto m'ha posat la pell de gallina. #9N RT @1714_sisi: @gcapdevila http://t.co/3wCOXzNtr4,campaña,media
2014-11-03T00:00:00Z,579.0,"RT @cupnacional: Al próximo que grite Arriba España, le diremos que arriba la de Lorca, Hernández o Machado @HiginiaRoig #9Nenelateneo http…",campaña,politics
2014-11-03T00:00:00Z,312.0,RT @sumate_asoc: Quieres cambiar lo q no funciona? ☑ SÍ ☐ NO Quieres cambiarlo de verdad? ☑ SÍ ☐ NO El #9N el futuro está en tus manos http…,campaña,entidades civiles
2014-11-03T00:00:00Z,290.0,RT @JordiArmenteras: Alguns fatxes s'infiltren a l'acte del #9N a Madrid. Poli secreta els ha fet fora cridant-los pel nom...Guanya l'urna …,noticias,media
2014-11-03T00:00:00Z,234.0,"RT @ForcadellCarme: Tot preparat per al 9N, locals, meses, urnes i paperetes a punt, que sigui una realitat depèn de nosaltres. Votarem per…",campaña,entidades civiles
2014-11-03T00:00:00Z,225.0,RT @Aracelisegarra: No es pot dir ni més CLAR....ni més ALT. Foto: cim de l’EVEREST #9N @Araeslhora @Esquerra_ERC @vpartal @FEEC_cat http:/…,campaña,celebrity
2014-11-04T00:00:00Z,871.0,"RT @XavierVallsSilv: L'Estat espanyol també prohibeix el nou 9N,  a l'hora que inscriu un partit neonazi i treu de la presó a Matas. Encara…",noticias,media
2014-11-04T00:00:00Z,847.0,"RT @ForcadellCarme: L'estat espanyol i el TC no ens fallen mai, han suspès el nou 9N. Un cop més ens han ajudat a fer un pas més cap a la i…",campaña,entidades civiles
2014-11-04T00:00:00Z,835.0,"RT @sumate_asoc: El #9N votaremos también por ti, Pepe. Y que les queden los huevos colgando de un campanario #VotaréPerTu http://t.co/AdtF…",campaña,entidades civiles
2014-11-04T00:00:00Z,701.0,RT @VilaWeb: FEU CÓRRER la informació sobre el #9N2014 que el Tribunal Constitucional prohibeix http://t.co/NQBCvXPq7X http://t.co/CdB8jmZU…,noticias,media
2014-11-04T00:00:00Z,619.0,RT @assemblea: El 9N tothom a votar! Ningú decidirà per nosaltres! Som sobirans! #Araéslhora! http://t.co/mbFov6r7dI,campaña,entidades civiles
2014-11-05T00:00:00Z,404.0,"RT @HiginiaRoig: El #9N no votaré per qui va redactar la sentència a mort de Puig Antich, que és advocat d'Alicia Sánchez Camacho. #Votarem…",campaña,politics
2014-11-05T00:00:00Z,365.0,"RT @sumate_asoc: El #9N votaremos también por ti, Pepe. Y que les queden los huevos colgando de un campanario #VotaréPerTu http://t.co/AdtF…",campaña,entidades civiles
2014-11-05T00:00:00Z,333.0,RT @elsomatent: Correus es passa pel forro el secret postal i no reparteix informació sobre el #9N. #EstatDeSetge,noticias,avatar
2014-11-05T00:00:00Z,317.0,"RT @francescribera: Diu el vell adagi llibertari ""Si votar servís per alguna cosa, estaria prohibit"" Bé, doncs està prohibit! #9N2014",campaña,politics
2014-11-05T00:00:00Z,301.0,"RT @ramontremosa: Ho denunciaré a la Comissió Europea  ""@VilaWeb: Correus retorna 50.000 cartes a Girona animant a participar el #9N""  http…",noticias,politics
2014-11-06T00:00:00Z,406.0,"RT @ForcadellCarme: A tres dies del 9N estem escrivint la història, fem-ho amb serenor alegria civisme i sense caure en provocacions el món…",campaña,entidades civiles
2014-11-06T00:00:00Z,367.0,"RT @jordievole: Si el Tribunal Constitucional no lo impugna, este domingo Salvados: Especial 9N. Grabado desde hoy hasta el 9. ⌛️⌛️⌛️ http:…",noticias,media
2014-11-06T00:00:00Z,327.0,"RT @albert_dmcat: Com a agent, i com a membre d'@ANC_Mossos avanço que em nego a retirar cap urna el proper #9N. No impediré la consulta ni…",campaña,entidades civiles
2014-11-06T00:00:00Z,292.0,RT @Laksmiz: #situvas Alicia dejará de cobrar estos sobresueldos a costa de los catalanes #CatalansReadyToVote #estemconvocats9N http://t.c…,campaña,ciudadana/o
2014-11-06T00:00:00Z,288.0,RT @jordievole: ATENCIÓN: Salvados se vuelve a liar la manta a la cabeza. Programa exprés por el 9N. Acabamos de empezar a grabarlo: http:/…,noticias,media
2014-11-07T00:00:00Z,416.0,"RT @emparmoliner: Atès que els voluntaris del 9N no tenen dietes, els hauríem de dur quelque dàdiva mengívola o bevívola quan anem a votar.…",organización,media
2014-11-07T00:00:00Z,292.0,RT @DreamsIndigo: RT @PaulMaskeyMP: .@AodhanHamill_SF: Solidarity from Belfast to Catalan comrades ahead of vote! #9N #9N2014 #CatalansRead…,campaña,sin datos
2014-11-07T00:00:00Z,283.0,RT @ForcadellCarme: A dos dies del 9N diguem ben alt i clar q no tenim por q no ens espanten les amenaces q el diumenge votarem x democràci…,campaña,entidades civiles
2014-11-07T00:00:00Z,265.0,RT @GFA_berri: L'estelada a la Plaça de Gipuzkoa. El poble català decidirà el seu futur. El poble basc també #9N2014 http://t.co/1beCpi8ZQq,campaña,politics
2014-11-07T00:00:00Z,253.0,"RT @Elviraduranc: Soy española y me siento ciudadana de Cataluña, votaré SISI en 9N. No es un tema de identidades sino de derechos politico…",campaña,entidades civiles
2014-11-08T00:00:00Z,660.0,"RT @jordievole: Podemos anunciar, si ningún TRIBUNAL nos lo impide, que mañana en SALVADOS ESPECIAL9N entrevistaremos a ARTUR MAS.  Graband…",noticias,media
2014-11-08T00:00:00Z,587.0,RT @324cat: L'@assemblea denuncia que té 75 mòbils bloquejats en la vigila del #9N. La web no funciona ni tampoc la de gencat http://t.co/3…,noticias,media
2014-11-08T00:00:00Z,506.0,"RT @sumate_asoc: ¿Para qué votar el #9N? Los ciudadanos tenemos derecho a expresarnos, a opinar, a decidir: si tú no vas, ELLOS GANAN http:…",campaña,entidades civiles
2014-11-08T00:00:00Z,502.0,RT @CollectiuPraga: El #9N tindrem notaris voluntaris a Bcn x aixecar acta en cas q hi hagués cap impediment x exercir els nostres drets. A…,organización,entidades civiles
2014-11-08T00:00:00Z,452.0,"RT @Ferrancm: Fiscalia no prohibeix res (no pot). Obre investigació i, si de cas, instarà jutges. Tot per atemorir i que #9N no s'obrin loc…",noticias,media
2014-11-09T00:00:00Z,2285.0,"RT @HiginiaRoig: Quan una imatge val més que mil paraules. Gràcies, Ferreres. People have the power. #9N http://t.co/o8NWcBuVP2",campaña,politics
2014-11-09T00:00:00Z,1476.0,RT @Rafibiris: Brutal el grabar las declaraciones de Pep Guardiola con una Nintendo 3DS. BRU-TAL. http://t.co/OKQzgytbzB #9N,noticias,ciudadana/o
2014-11-09T00:00:00Z,1423.0,RT @JovenEuropeo_: 25 años de diferencia #TodosAVotar #9N http://t.co/iurup9P12W,campaña,avatar
2014-11-09T00:00:00Z,1226.0,"RT @Araeslhora: Ara és l'hora d'enviar el missatge del 9N al món! Catalunya ha votat, ha decidit, ha guanyat! Fem TT #CataloniaWins! http:/",organización,entidades civiles
2014-11-09T00:00:00Z,1130.0,RT @rubenglez: El neonazi que pretendía boicotear el 9N en Girona se encontró con un equipo de rugby votando en ese momento. Y lloró³ http:/â€¦,noticias,ciudadana/o
2014-11-10T00:00:00Z,1373.0,RT @Albert_Rivera: Estos son los datos del #9N según Mas y cia.Seguirán diciendo que la 'inmensa mayoría' quiere 1 consulta separatista? ht…,campaña,politics
2014-11-10T00:00:00Z,760.0,RT @Foto_Historia: 25 años de diferencia #TodosAVotar #9N http://t.co/23sZykCJye,noticias,media
2014-11-10T00:00:00Z,687.0,"RT @TxabierAlonso: Un neonazi entra a reventar un colegio electoral en el #9N, se encuentra con un equipo de rugby y sale llorando. :-) htt…",noticias,entidades civiles
2014-11-10T00:00:00Z,525.0,RT @MiguelGardelVa: ¿Cuantos miles de niños cómo estos votaron 9N? Que ridículo más espantoso. Oye! Y no se les cae la cara de vergüenza. h…,noticias,politics
2014-11-10T00:00:00Z,515.0,RT @Rafibiris: Brutal el grabar las declaraciones de Pep Guardiola con una Nintendo 3DS. BRU-TAL. http://t.co/OKQzgytbzB #9N,noticias,ciudadana/o
2014-11-11T00:00:00Z,440.0,"RT @v_arribas: Farsa del #9N: Este joven se pasó la tarde votando en distintos ""colegios electorales"". A las 16:24, 18:08 y 18:36 http://t.…",noticias,media
2014-11-11T00:00:00Z,405.0,"RT @jjg_7: El ""supuesto votante"" que supuestamente voto tres veces el #9N según ABC,  nueva MANIPULACIÓN y PILLADA http://t.co/xhAvfJplrp #…",noticias,sin datos
2014-11-11T00:00:00Z,384.0,RT @Albert_Rivera: Estos son los datos del #9N según Mas y cia.Seguirán diciendo que la 'inmensa mayoría' quiere 1 consulta separatista? ht…,campaña,politics
2014-11-11T00:00:00Z,364.0,RT @lluis_llach: El President ha agraït la cooperació de tothom menys la dels partits que l'han ajudat a q el seu nou 9N triomfés.Se'n deu …,campaña,celebrity
2014-11-11T00:00:00Z,354.0,"RT @HiginiaRoig: Efectes secundaris post #9N. Nomenen cap de TVE-Catalunya el cap de premsa del PP. El 1996, sobre ell, escrivíem això http…",noticias,politics
2014-11-12T00:00:00Z,1239.0,"RT @gerardotc: Si extrapolamos la lectura que hace Rajoy para la participación en el 9N, nos sale que 3 de cada 4 españoles no votaron a Ra…",dialéctica,avatar
2014-11-12T00:00:00Z,688.0,RT @elEconomistaes: El separatismo cuesta ya a #Cataluña 690 millones en caída de #inversiones | http://t.co/DEjlUEl20L http://t.co/9NDSMET…,noticias,media
2014-11-12T00:00:00Z,460.0,RT @sumate_asoc: El #9N participó casi tanta gente como en las pasadas europeas. ¿Y dicen que es un fracaso? http://t.co/fjvRgywq9K,dialéctica,entidades civiles
2014-11-12T00:00:00Z,409.0,RT @Albert_Rivera: Rajoy ha esperado 3 días desde que en el #9N se utilizarán colegios públicos y dinero público para salir y no decir nada…,campaña,politics
2014-11-12T00:00:00Z,271.0,RT @HiginiaRoig: .@MontseSuarezA En mi DNI pone dos cosas: que el 9N votaba en Barcelona. Y que caduca en 2014.,campaña,politics
2014-11-13T00:00:00Z,164.0,RT @elEconomistaes: El separatismo cuesta ya a #Cataluña 690 millones en caída de #inversiones | http://t.co/DEjlUEl20L http://t.co/9nDSMET…,noticias,media
2014-11-13T00:00:00Z,139.0,"RT @gerardotc: Si extrapolamos la lectura que hace Rajoy para la participación en el 9N, nos sale que 3 de cada 4 españoles no votaron a Ra…",dialéctica,avatar
2014-11-13T00:00:00Z,136.0,"RT @ramontremosa: Gran article d'@ernestfolch sobre el #9N a @elperiodico_cat: ""M'he equivocat"" http://t.co/gj3NkUtelf",noticias,politics
2014-11-13T00:00:00Z,132.0,RT @324cat: Jutges per la Democràcia denuncia les pressions del govern espanyol a la Fiscalia pel #9N http://t.co/txmnIvsNgc http://t.co/4Z…,noticias,media
2014-11-13T00:00:00Z,96.0,"RT @cristina_pardo: El PP cree que si hubo delito el 9N, la fiscalía ""tiene que actuar cuanto antes"". Oiga, que su presidente ha tardado 3 …",noticias,media
2014-11-14T00:00:00Z,173.0,RT @gcapdevila: M'expliquen fonts fiables que per 1r cop hi ha pressions internacionals reals a Madrid. Pq deixi estar les querelles pel 9N…,noticias,media
2014-11-14T00:00:00Z,140.0,RT @quimnadal: Que Catalunya tingués excedent de voluntaris pel 9N i que tingui dèficit de voluntaris pel Banc dels Aliments vol dir que te…,dialéctica,politics
2014-11-14T00:00:00Z,111.0,"RT @ciu: Exigim la dimissió de Llanos de Luna per intimidar reiteradament a alcaldes, regidors, directors d’institut i funcionaris. #9N #Pa…",campaña,politics
2014-11-14T00:00:00Z,110.0,RT @Mas_Enfurecido: FLORENTINO PÉREZ ENVIA UNA SALUTACIÓ ALS QUE EL #9N VAU VOTAR 'SÍ/NO'  #TITELLES,humor,avatar
2014-11-14T00:00:00Z,82.0,"RT @ThIsCatalonia: Last #9N2014 24,1% of the Catalan population voted for independence. Others rule a country with less support http://t.co…",campaña,entidades civiles
